"samAccountName","displayName","department","passwordLastSet","passwordAgeDays"
"admin_backup","Backup Admin Account","IT","2025-01-01 00:00:00","300"
"test_user","Test User","IT","2025-01-15 10:00:00","286"
"eolsson","Erik Olsson","Sales","2025-04-01 10:00:00","210"
"nnils","Nils Nilsson","Operations","2025-04-10 11:00:00","201"
"mberg","Maria Berg","Finance","2025-05-10 11:00:00","171"
"jjohan","Johan Johansson","Operations","2025-05-15 09:00:00","166"
"qquentin","Quentin Quentinsson","Sales","2025-05-20 09:00:00","161"
"jsvensson","Johan Svensson","Operations","2025-05-25 09:00:00","156"
"ffred","Fredrik Fredriksson","Sales","2025-06-01 10:00:00","149"
"rrobert","Robert Robertsson","HR","2025-06-15 11:00:00","135"
"yynva","Ynva Ynvasson","Finance","2025-06-20 11:00:00","130"
"mmaria","Maria Mariasson","Finance","2025-07-01 10:00:00","119"
"ddavid","David Davidsson","IT","2025-07-20 14:00:00","99"
"ttomas","Tomas Tomasson","Operations","2025-07-25 08:00:00","95"
"bbjorn","Björn Björnsson","Operations","2025-08-15 09:00:00","74"
"ppeter","Peter Petersson","IT","2025-08-20 10:00:00","69"
"vviktor","Viktor Viktorsson","Sales","2025-08-30 09:00:00","59"
"aanders","Anna Andersson","IT","2025-09-01 10:00:00","57"
"wwilma","Wilma Wilmasson","HR","2025-09-05 13:00:00","53"
"ssara","Sara Sarasson","Finance","2025-09-10 14:00:00","47"
"eerik","Erik Eriksson","IT","2025-09-15 08:00:00","43"
"hhelena","Helena Helenasson","HR","2025-09-20 11:00:00","38"
"kkarl","Karl Karlsson","Sales","2025-09-25 14:00:00","32"
"ccarl","Cecilia Carlsson","Management","2025-10-01 11:00:00","27"
"oolof","Olof Olofsson","Management","2025-10-01 07:00:00","27"
"zzara","Zara Zarasson","Management","2025-10-02 08:00:00","26"
"iingrid","Ingrid Ingridsson","IT","2025-10-05 10:00:00","23"
"uulrika","Ulrika Ulrikasson","IT","2025-10-08 10:00:00","20"
"ggunnar","Gunnar Gunnarsson","Finance","2025-10-10 09:00:00","18"
"xxavier","Xavier Xaviersson","IT","2025-10-11 10:00:00","17"
"llars","Lars Larsson","IT","2025-10-12 08:00:00","16"
